id,project_id,name,description,planned_hours,actual_hours,hourly_rate,total_cost,status,created_by,created_at,updated_at,category_id,deadline,deadline_type,is_assigned_by_admin,deadline_reason,priority,completed_at,deadline_change_log
02b2cf9b-5801-4e5d-add4-371dcf015bdd,441ab6c9-c438-4973-bcd0-c445de2b65cb,проверка звонка при приему показания от Слюнина,Задача создана из календаря: проверка звонка при приему показания от Слюнина,0.50,0.00,3500.00,1750.00,new,a8abb6c3-d51c-4039-a1f2-93f5d98d2a20,2025-09-30 07:00:16.214484+00,2025-09-30 07:00:16.889679+00,,,,false,,medium,,
04114b17-af75-4aae-b963-91705850c0b6,5321abc1-81ff-4e35-8f43-600a0cd4e914,T7396 Ошибки при отправке сообщений в сервис рассылок из-за ЛИВС,"С целью недопущения ошибок отправок оповещений в сервисе рассылок требуется, чтобы при получении задачи на оповещение в системе Инфобота происходила проверка на корректность формата номера телефона (Правильный формат для номеров РФ: 70000000000) и в случае определения не верного формата происходила автокорректировка.",8.00,0.00,2500.00,20000.00,testing-client,8d97a5a2-98ea-4b4b-8f4a-0069d389e2ec,2025-10-07 15:43:41.972825+00,2025-10-08 08:54:28.999662+00,,,,false,,medium,,
04cd4124-fd41-4b37-9049-d58f8427582f,441ab6c9-c438-4973-bcd0-c445de2b65cb,Поиск узкого местиа в коннекторе в случае мягкого прерывания,Создано из календаря,3.00,0.00,3500.00,10500.00,new,9d6f7300-cca0-41a2-84c8-81f0eb490a58,2025-10-09 08:47:46.967713+00,2025-10-09 08:47:47.964677+00,,,,false,,medium,,
09a0d88c-f0d2-4024-bc85-089070b8eaf4,441ab6c9-c438-4973-bcd0-c445de2b65cb,Саша нашла баг,"в сценарии акт сверки расчётов спрашивает 
вы физ лицо, квартира, частный дом или организация 
посмотреть еще тикет 505
Создано из календаря",1.00,0.00,3500.00,3500.00,new,43d9b4e2-255d-41d3-8bce-4b59332ee697,2025-10-07 14:28:49.174404+00,2025-10-07 14:28:49.745187+00,,,,false,,medium,,
0c02b2bb-b5af-4fd7-9220-509f359af7b5,f5fc05f0-3fbb-4074-a109-4ac51eaf7c0a,T7030 Сторис,"В сервисе статистики мобильного приложения реализовать функционал публикации сторис, доступных к просмотру в мобильном приложении.
Сторис включает в себя:
- обложка сторис;
- заголовок сторис;
- поддержка нескольких экранов для одной сторис;
- заголовок для экрана сторис;
- изображение для экрана сторис;
- описание для экрана сторис;
- ссылка для экрана сторис.
Ранее опубликованные и неактуальные сторис можно снять с публикации.

сделано на деве, нужно доделать Наташе, 4 часа осталось",0.00,0.00,2500.00,0.00,new,8d97a5a2-98ea-4b4b-8f4a-0069d389e2ec,2025-10-07 16:01:08.565453+00,2025-10-08 09:23:13.86802+00,,,,false,,medium,,
0d306210-a2f8-44b1-a6e5-eec2d1c66623,5321abc1-81ff-4e35-8f43-600a0cd4e914,T7388 Проверка параметра нумерации квартиры,"По сценариям ""Узнать лицевой счет"", ""Переход на расчеты через МФЦ""  добавить параметр проверки нумерации квартиры с буквенным значением (2-ой Мосфильмовский пер., д.5, кв.А101, А201, А502;
м.о. Филимонковский, дер. Марьино, Жемчужная ул., д 1 корп. 3, апартаменты 2А, 21А).

начать с исследования, Наташа 
Рустем осн часть 
",30.00,0.00,2500.00,75000.00,new,8d97a5a2-98ea-4b4b-8f4a-0069d389e2ec,2025-10-07 15:55:18.378699+00,2025-10-08 09:16:44.853816+00,,,,false,,medium,,
0dd49568-b694-4066-b366-7c20b8fb2e9e,441ab6c9-c438-4973-bcd0-c445de2b65cb,выгрузка аудиозаписей,Создано из календаря,0.50,0.00,3500.00,1750.00,new,33f3b0ac-60ea-4d41-8f4e-d81fcb45d433,2025-10-14 07:35:10.220043+00,2025-10-14 07:35:10.753455+00,,,,false,,medium,,
1223635f-f580-4316-9388-78bce1254e3f,9b8833bb-41db-4eea-b116-b3f605fbc8cf,выявление недостающих объектов по видео,"выявление недостающих объектов по видео
Создано из календаря",3.00,0.00,3500.00,10500.00,new,33f3b0ac-60ea-4d41-8f4e-d81fcb45d433,2025-10-02 16:11:35.560692+00,2025-10-02 16:11:36.036147+00,,,,false,,medium,,
1461ae17-443b-4e0b-9c1e-4bd2e556b3fd,441ab6c9-c438-4973-bcd0-c445de2b65cb,Проверка МР,Создано из календаря,0.50,0.00,3500.00,1750.00,new,a8abb6c3-d51c-4039-a1f2-93f5d98d2a20,2025-10-08 06:04:00.425874+00,2025-10-08 06:04:00.826641+00,,,,false,,medium,,
1523d93b-e22b-4ac5-8ead-b5672e017b3a,ab4402ad-22e3-4e23-8ba4-79cbb99d9455,настройка редиректа на yavlenie.pro,Создано из календаря,0.50,0.00,3500.00,1750.00,new,33f3b0ac-60ea-4d41-8f4e-d81fcb45d433,2025-10-14 07:31:51.935801+00,2025-10-14 07:31:53.147172+00,,,,false,,medium,,
16136cfe-810e-44f2-bd56-61a9c5f59927,f5fc05f0-3fbb-4074-a109-4ac51eaf7c0a,разбор с ЛИВС причин медленной работы метода для МП по адресам,Задача создана из календаря: разбор с ЛИВС причин медленной работы метода для МП по адресам,0.50,0.00,0.00,0.00,closed,a8abb6c3-d51c-4039-a1f2-93f5d98d2a20,2025-09-30 08:50:37.853744+00,2025-10-07 16:00:02.783388+00,,,,false,,medium,,
172ea436-f09a-4837-a67f-2e90d91cd3e9,9b8833bb-41db-4eea-b116-b3f605fbc8cf,разобраться с isapi,Создано из календаря,6.50,0.00,3500.00,22750.00,new,9d6f7300-cca0-41a2-84c8-81f0eb490a58,2025-10-07 06:35:07.648969+00,2025-10-07 06:35:08.16414+00,,,,false,,medium,,
188a6f4f-f708-4252-9903-0e38f50126df,f5fc05f0-3fbb-4074-a109-4ac51eaf7c0a,T6943 (2) Доработка отчетной формы для выгрузки в личный кабинет абонента,"2.	Доработка отчетной формы для выгрузки в личный кабинет абонента справки о расчетах (Биллинг-Дебиторская задолженность- Печать отчетов - отчет 7.3 Справка о расчетах – Excel) (приложение 2).
ССД п2 треб корректировка ",56.00,0.00,2500.00,140000.00,new,8d97a5a2-98ea-4b4b-8f4a-0069d389e2ec,2025-10-07 16:04:14.797837+00,2025-10-08 09:34:00.895963+00,,,,false,,medium,,
1a4d51b6-5574-4d15-8d92-0be90d4183e6,131ab617-2c39-4217-bbae-49a09d5d7900,"В карточке юнитов удалить из меню INSTRUCTIONS и оставить их только в Overview ",,2.00,0.00,0.00,0.00,planned,8d97a5a2-98ea-4b4b-8f4a-0069d389e2ec,2025-10-07 16:25:23.922727+00,2025-10-08 07:08:17.11661+00,,,,false,,medium,,
1b5b6ce9-140b-4510-852e-03bd9fa668ae,441ab6c9-c438-4973-bcd0-c445de2b65cb,разделение chatbot-engine на 2 порта,Создано из календаря,1.00,0.00,3500.00,3500.00,new,33f3b0ac-60ea-4d41-8f4e-d81fcb45d433,2025-10-06 18:38:28.278792+00,2025-10-06 18:38:28.615481+00,,,,false,,medium,,
21e621bf-08e3-4076-a3d2-4436baeef32b,48b5cad1-77b9-4307-a9ae-3768cd523e8f,диагностика проблемы с переводом на запасной апп при отбое на входящем звонке в ЕП,Создано из календаря,0.50,0.00,3500.00,1750.00,new,33f3b0ac-60ea-4d41-8f4e-d81fcb45d433,2025-10-22 07:39:24.81692+00,2025-10-22 07:39:25.410187+00,,,,false,,medium,,
234c9169-40df-4401-9831-bb082fbc44d9,ab4402ad-22e3-4e23-8ba4-79cbb99d9455,восстановление работоспособности https://demo-rsst.yavlenie.pro/ https://demo-mvk.yavlenie.pro/,Создано из календаря,1.00,0.00,3500.00,3500.00,new,33f3b0ac-60ea-4d41-8f4e-d81fcb45d433,2025-10-20 12:09:58.704839+00,2025-10-20 12:09:59.5517+00,,,,false,,medium,,
25046701-3680-4f2a-91d7-150b5606dbe7,5321abc1-81ff-4e35-8f43-600a0cd4e914,диагностика проблемы с непрохождением трафика до ВК,Создано из календаря,0.50,0.00,3500.00,1750.00,new,33f3b0ac-60ea-4d41-8f4e-d81fcb45d433,2025-10-21 07:32:35.494426+00,2025-10-21 07:32:35.934909+00,,,,false,,medium,,
2898a5e7-22a5-40eb-87dd-92b04123d7f3,f5fc05f0-3fbb-4074-a109-4ac51eaf7c0a,IM823426,"В тестовом мобильном приложении по Абоненту 90023735 пробовали удалить льготу, но в биллинг не приходит заявка на удаление. Прошу проверить тестовое приложение, а также промышленную версию.

у нас не реализовано удаление льготы, а должно быть реализовано ",0.00,0.00,2500.00,0.00,new,8d97a5a2-98ea-4b4b-8f4a-0069d389e2ec,2025-10-08 09:46:07.168692+00,2025-10-08 09:52:12.499586+00,,,,false,,medium,,
2b63e93e-9a07-4181-b7f7-5c87b96d56dd,5321abc1-81ff-4e35-8f43-600a0cd4e914,Обработка ошибок при поиске адресов в ЕГИС,Создано из календаря,0.70,0.00,3500.00,2450.00,new,a8abb6c3-d51c-4039-a1f2-93f5d98d2a20,2025-10-08 06:03:14.12888+00,2025-10-08 06:03:14.461779+00,,,,false,,medium,,
2c55ccff-e977-43c2-8df2-fa8967b51273,5321abc1-81ff-4e35-8f43-600a0cd4e914,диагностика проблемы с недоступностью sed-ibd.mvk.ru у Риты,Создано из календаря,0.50,0.00,3500.00,1750.00,new,33f3b0ac-60ea-4d41-8f4e-d81fcb45d433,2025-10-16 07:14:11.55547+00,2025-10-16 07:14:11.939239+00,,,,false,,medium,,
2e0b59a3-74aa-4279-b345-1c6604f9bd90,ab4402ad-22e3-4e23-8ba4-79cbb99d9455,Поспать,Создано из календаря,8.00,0.00,3500.00,28000.00,new,e67f47f1-1413-416f-b6fd-c640886ef4fe,2025-10-03 09:47:46.52069+00,2025-10-03 09:47:46.707429+00,,,,false,,medium,,
2edac0a2-4c25-44c7-ae0b-a502f4d769ed,441ab6c9-c438-4973-bcd0-c445de2b65cb,перенос роботов GPT на контурные мощности,Создано из календаря,2.00,0.00,3500.00,7000.00,new,33f3b0ac-60ea-4d41-8f4e-d81fcb45d433,2025-10-02 16:19:00.130903+00,2025-10-02 16:19:00.543966+00,,,,false,,medium,,
2fcc18d6-f8e0-4d07-a9c1-8ca21c2cf104,9b8833bb-41db-4eea-b116-b3f605fbc8cf,раскатывание trest-front,Создано из календаря,2.00,0.00,3500.00,7000.00,new,33f3b0ac-60ea-4d41-8f4e-d81fcb45d433,2025-10-09 07:35:35.406513+00,2025-10-09 07:35:36.004479+00,,,,false,,medium,,
3102eeaf-b6b3-48db-8b6d-f2232e4f1b8e,ab4402ad-22e3-4e23-8ba4-79cbb99d9455,формирование данных и выгрузка данных для спеца по разметке,Создано из календаря,1.50,0.00,3500.00,5250.00,new,33f3b0ac-60ea-4d41-8f4e-d81fcb45d433,2025-10-14 20:26:07.28587+00,2025-10-14 20:26:07.943641+00,,,,false,,medium,,
328c53f3-a1c9-446c-90e8-1df17484bedd,f5fc05f0-3fbb-4074-a109-4ac51eaf7c0a,Разбор плана задач по МП,Создано из календаря,0.50,0.00,0.00,0.00,closed,a8abb6c3-d51c-4039-a1f2-93f5d98d2a20,2025-10-07 06:25:19.697244+00,2025-10-07 15:59:06.183362+00,,,,false,,medium,,
35753810-0bff-465b-b6ec-261b497e1b36,131ab617-2c39-4217-bbae-49a09d5d7900,"В меню MAINTENANCE исправить фильтрацию (при нажатии на один фильтр вылезает другой) ",,2.00,0.00,0.00,0.00,planned,8d97a5a2-98ea-4b4b-8f4a-0069d389e2ec,2025-10-07 16:28:01.501503+00,2025-10-07 16:29:42.851519+00,,,,false,,medium,,
36c4f5b6-db1a-449c-843d-a66b4ed0f1a0,441ab6c9-c438-4973-bcd0-c445de2b65cb,диагностика проблемы с деплоем GPT,Создано из календаря,0.50,0.00,3500.00,1750.00,new,33f3b0ac-60ea-4d41-8f4e-d81fcb45d433,2025-10-20 12:10:30.463605+00,2025-10-20 12:10:30.934348+00,,,,false,,medium,,
3856416d-6ed9-4852-ba22-50efe94e63b5,9b8833bb-41db-4eea-b116-b3f605fbc8cf,Разговоры о важном. Разворачивание и прочее,Создано из календаря,1.50,0.00,3500.00,5250.00,new,9d6f7300-cca0-41a2-84c8-81f0eb490a58,2025-10-09 11:35:20.148797+00,2025-10-09 11:35:20.67574+00,,,,false,,medium,,
38ec9011-d902-4895-9526-0cecb6bc09fc,9b8833bb-41db-4eea-b116-b3f605fbc8cf,Составление подробного ЧТЗ по проекту,,7.00,0.00,0.00,0.00,in-progress,8d97a5a2-98ea-4b4b-8f4a-0069d389e2ec,2025-10-03 08:18:56.690106+00,2025-10-03 08:19:21.567571+00,,,,false,,medium,,
3d9155a4-c8fc-437c-b3ac-fff5370e2d50,441ab6c9-c438-4973-bcd0-c445de2b65cb,Пробую решить проблему с дрожанием голоса в коннекторе. Пробую разпаралелить потоки,Создано из календаря,5.00,0.00,3500.00,17500.00,new,9d6f7300-cca0-41a2-84c8-81f0eb490a58,2025-10-07 07:56:21.2129+00,2025-10-07 07:56:21.913034+00,,,,false,,medium,,
3e7e9151-b0ea-499b-a0d5-e97dae6c0f26,441ab6c9-c438-4973-bcd0-c445de2b65cb,Работа с тикетами,Создано из календаря,8.00,0.00,3500.00,28000.00,new,43d9b4e2-255d-41d3-8bce-4b59332ee697,2025-10-09 12:02:37.473275+00,2025-10-09 12:02:38.338909+00,,,,false,,medium,,
3fe68925-119d-4417-b97f-58a9f93f2f26,9b8833bb-41db-4eea-b116-b3f605fbc8cf,разработка и запуск нового чекера по потокам камер,Создано из календаря,4.50,0.00,3500.00,15750.00,new,33f3b0ac-60ea-4d41-8f4e-d81fcb45d433,2025-10-16 14:58:43.073459+00,2025-10-16 14:58:43.758702+00,,,,false,,medium,,
405791b5-6fe7-441d-b05c-5e67dc32b744,f5fc05f0-3fbb-4074-a109-4ac51eaf7c0a,T6943 (1) Разработка процедуры оформления заявок в ЛК на сайте МВК и МП,"1.	Разработка процедуры оформления заявок в ЛК на сайте МВК и МП: оформление заявок на возврат денежных средств и получение справки об отсутствии задолженности, получение справки о расчетах (приложение 1).

три отчёта 
Рустем
5-10 полей на каждый, которые нужно заполнить 2 платформы
Антон 
нужен дизайнер 

прикинуть время 
запросить метод биллинга ",56.00,0.00,2500.00,140000.00,new,8d97a5a2-98ea-4b4b-8f4a-0069d389e2ec,2025-10-07 16:03:41.960332+00,2025-10-08 09:51:12.278887+00,,,,false,,medium,,
47302d0c-6998-4706-b3a0-af6a5f036628,5321abc1-81ff-4e35-8f43-600a0cd4e914,разбор проблемы с недоступностью egis,Создано из календаря,0.50,0.00,3500.00,1750.00,new,33f3b0ac-60ea-4d41-8f4e-d81fcb45d433,2025-10-08 07:39:43.628112+00,2025-10-08 07:39:44.076899+00,,,,false,,medium,,
482ce9a2-c25e-4118-89ba-72ceba91280e,9b8833bb-41db-4eea-b116-b3f605fbc8cf,деплой camchecker-prod,Создано из календаря,1.00,0.00,3500.00,3500.00,new,33f3b0ac-60ea-4d41-8f4e-d81fcb45d433,2025-10-17 11:19:22.839044+00,2025-10-17 11:19:23.666199+00,,,,false,,medium,,
4965ad14-0f17-4858-83c6-f066ee508ff0,441ab6c9-c438-4973-bcd0-c445de2b65cb,разворот ветки new-model,Создано из календаря,2.00,0.00,3500.00,7000.00,new,33f3b0ac-60ea-4d41-8f4e-d81fcb45d433,2025-10-10 07:26:02.0532+00,2025-10-10 07:26:02.991657+00,,,,false,,medium,,
4acddf57-ab63-41d7-a7bb-73832bf52e24,48b5cad1-77b9-4307-a9ae-3768cd523e8f,изменение доменов infobot.pro и применение этого в аппах,Создано из календаря,1.00,0.00,3500.00,3500.00,new,33f3b0ac-60ea-4d41-8f4e-d81fcb45d433,2025-10-09 07:37:33.580676+00,2025-10-09 07:37:34.146903+00,,,,false,,medium,,
4d002f21-5c2c-4c24-8ecc-ade1b90702a9,5321abc1-81ff-4e35-8f43-600a0cd4e914,актуализация ссылок на файлы для разметки,Создано из календаря,3.50,0.00,3500.00,12250.00,new,33f3b0ac-60ea-4d41-8f4e-d81fcb45d433,2025-10-21 07:34:45.568387+00,2025-10-21 07:34:45.955166+00,,,,false,,medium,,
4d8f3a2a-d84f-4c62-a137-05af23d426e9,5321abc1-81ff-4e35-8f43-600a0cd4e914,T7335  СУВ По вопросам контрольного снятия показаний. Вопрос по показаниям контроллера," Для сокращения количества звонков на горячую линию АО ""Мосводоканал"" (тел: 8-499-763-34-34) по вопросам контрольного снятия показаний сотрудниками СУВ, необходимо внедрить сценарий и внести соответствующие дополнения. Вопрос по показаниям контроллера. Нужна доработка ЛИВС - блок",46.00,0.00,2500.00,115000.00,new,8d97a5a2-98ea-4b4b-8f4a-0069d389e2ec,2025-10-07 15:51:15.204092+00,2025-10-07 15:51:15.204092+00,,,,false,,medium,,
4decd1b1-246a-4522-8f17-f2a763b113ad,44e6dc42-ac99-48da-bbc1-846042f5ce39,диагностика проблемы с отвалами telegram-bot-controler,Создано из календаря,0.50,0.00,3500.00,1750.00,new,33f3b0ac-60ea-4d41-8f4e-d81fcb45d433,2025-10-09 07:38:22.251008+00,2025-10-09 07:38:22.781162+00,,,,false,,medium,,
4f6d809d-79ca-4d07-93bf-73c6ca3beffe,ab4402ad-22e3-4e23-8ba4-79cbb99d9455,настройка ротации бэкапов гитлаба на FTP,Создано из календаря,0.50,0.00,3500.00,1750.00,new,33f3b0ac-60ea-4d41-8f4e-d81fcb45d433,2025-10-13 20:34:09.828758+00,2025-10-13 20:34:10.779472+00,,,,false,,medium,,
500e4276-385b-45a8-8925-9c3bf9656999,9b8833bb-41db-4eea-b116-b3f605fbc8cf,раскатывание trest-back,Создано из календаря,1.00,0.00,3500.00,3500.00,new,33f3b0ac-60ea-4d41-8f4e-d81fcb45d433,2025-10-09 07:36:06.852985+00,2025-10-09 07:36:07.233461+00,,,,false,,medium,,
50ff40c4-b631-43a2-9bfb-de4309d00a81,441ab6c9-c438-4973-bcd0-c445de2b65cb,деплой dev,Создано из календаря,0.50,0.00,3500.00,1750.00,new,33f3b0ac-60ea-4d41-8f4e-d81fcb45d433,2025-10-08 07:35:18.264235+00,2025-10-08 07:35:19.382842+00,,,,false,,medium,,
54619d24-8787-40a5-a05c-2f4d349c2d46,44e6dc42-ac99-48da-bbc1-846042f5ce39,настройка и мониторинг таски meter_readings,Создано из календаря,1.50,0.00,3500.00,5250.00,new,33f3b0ac-60ea-4d41-8f4e-d81fcb45d433,2025-10-06 18:41:53.662375+00,2025-10-06 18:41:54.108408+00,,,,false,,medium,,
546881ff-0707-4fdd-bab3-9572e056254f,5321abc1-81ff-4e35-8f43-600a0cd4e914,T6611 Ответы на вопросы заявителей по Договорам о подключении и техническим условиям (условиям подключения),"сдана и запущена в работу 
ушла в прод ",46.00,0.00,2500.00,115000.00,closed,8d97a5a2-98ea-4b4b-8f4a-0069d389e2ec,2025-10-07 16:12:19.336751+00,2025-10-08 09:17:54.233845+00,,,,false,,medium,,
54d80987-b024-4430-abbc-fee496e3570f,9b8833bb-41db-4eea-b116-b3f605fbc8cf,настройка тестового видеорегистратора,Создано из календаря,0.50,0.00,3500.00,1750.00,new,33f3b0ac-60ea-4d41-8f4e-d81fcb45d433,2025-10-16 07:10:31.765999+00,2025-10-16 07:10:32.659201+00,,,,false,,medium,,
5dc5b490-05eb-4523-aa40-9df8ce058cc4,5321abc1-81ff-4e35-8f43-600a0cd4e914,"T7308 Сценарий. Добавить дополнительные параметры проверки кодов плательщиков/лицевых счетов, изменение сценария по МКД до наступления даты перехода на прямые договоры","По сценариям ""Переход на расчеты через МФЦ"", ""Узнать лицевой счет"" добавить следующие параметры проверки:
1. Действующий/не действующий код плательщика;
2. Если несколько кодов плательщиков/лицевых счетов на одну квартиру с разными ФИО собственника – сверять и искать код плательщика/лицевой счет по соответствующему ФИО.

Внести изменения в сценарий ""Узнать лицевой счет"" для домов, запланированных для перехода на прямые расчеты в МВК:
1) исключить уточняющий вопрос о заполнении заявки;
2) изменить ответ робота согласно приложенному сценарию.",32.00,0.00,2500.00,80000.00,closed,8d97a5a2-98ea-4b4b-8f4a-0069d389e2ec,2025-10-07 16:14:33.800725+00,2025-10-08 10:13:36.91069+00,,,,false,,medium,,
5eba6c57-c1ac-4a2b-8a97-3d81f1f0147f,441ab6c9-c438-4973-bcd0-c445de2b65cb,проверка промптов для описания сценариев,Задача создана из календаря: проверка промптов для описания сценариев,0.50,0.00,3500.00,1750.00,new,a8abb6c3-d51c-4039-a1f2-93f5d98d2a20,2025-09-30 09:16:44.477209+00,2025-09-30 09:16:45.197673+00,,,,false,,medium,,
5ede10ca-6e43-4950-8b6e-2b9a4b0f03d4,131ab617-2c39-4217-bbae-49a09d5d7900,Стрелочка пересекается в выборе страницы с полем home,,0.50,0.00,0.00,0.00,planned,8d97a5a2-98ea-4b4b-8f4a-0069d389e2ec,2025-10-07 16:33:59.712057+00,2025-10-08 07:07:32.374344+00,,,,false,,medium,,
60dc4f71-6913-44af-aac1-b18b32416a33,441ab6c9-c438-4973-bcd0-c445de2b65cb,Разбор тикетов ор и сув,Создано из календаря,3.00,0.00,3500.00,10500.00,new,df943449-d2c0-4ac8-bd3d-620c15690fa9,2025-10-08 09:52:26.449835+00,2025-10-08 09:52:29.819541+00,,,,false,,medium,,
66f7bad9-df85-40ed-af6b-fbc60256b7e3,441ab6c9-c438-4973-bcd0-c445de2b65cb,Разбор тикетов ОР,Создано из календаря,2.00,0.00,3500.00,7000.00,new,a8abb6c3-d51c-4039-a1f2-93f5d98d2a20,2025-10-09 10:17:56.899192+00,2025-10-09 10:17:57.647337+00,,,,false,,medium,,
68cb4470-5659-42cf-a44d-d52245e25ebb,441ab6c9-c438-4973-bcd0-c445de2b65cb,Проверка МР Риты,Задача создана из календаря: Проверка МР Риты,0.50,0.00,3500.00,1750.00,new,a8abb6c3-d51c-4039-a1f2-93f5d98d2a20,2025-09-30 07:07:27.316339+00,2025-09-30 07:07:27.748955+00,,,,false,,medium,,
69ec61fb-753a-4e79-9953-2b9a08387a63,5321abc1-81ff-4e35-8f43-600a0cd4e914,актуализация ссылок на файлы для разметки,Создано из календаря,3.00,0.00,3500.00,10500.00,new,33f3b0ac-60ea-4d41-8f4e-d81fcb45d433,2025-10-22 07:34:02.999367+00,2025-10-22 07:34:03.994713+00,,,,false,,medium,,
6b242c3e-da94-45c2-9ac2-20963109dccf,ab4402ad-22e3-4e23-8ba4-79cbb99d9455,настройка оповещений из гитлаба в пачку,Создано из календаря,1.00,0.00,3500.00,3500.00,new,33f3b0ac-60ea-4d41-8f4e-d81fcb45d433,2025-10-06 18:39:06.006473+00,2025-10-06 18:39:06.444316+00,,,,false,,medium,,
6b4cb561-3f08-454e-8673-3160cf3536ce,5321abc1-81ff-4e35-8f43-600a0cd4e914,T6250 Меню чат бота,"Новая версия чат-бота на единой платформе для всех мессенджеров с обновленным меню.

топ тем в самом начале диалога 
неоднозначные вопросы сопровождаются быстрыми подсказками по классификатору 

будут послед изменения в телеграм коннекторе 
Лёша может сделать генерацию кнопок в коннектор 2 часа 
Рита сформировать промпты и обработку ответа модели по предложениям 25 часов 
5 часов на проверки на Наташу и Лёшу ",50.00,0.00,2500.00,125000.00,new,8d97a5a2-98ea-4b4b-8f4a-0069d389e2ec,2025-10-07 15:41:45.031055+00,2025-10-08 08:53:23.693147+00,,,,false,,medium,,
6b5907d4-fc20-4422-9e82-c16db66657dc,5321abc1-81ff-4e35-8f43-600a0cd4e914,"T7397 Дополнения СУВ ""Сроки внесения изменений по результатам ранее направленных документов о контрольном снятии показаний""","Внесение дополнения в имеющиеся сценарии, по вопросам снятия контрольных показаний сотрудниками СУВ, независимый сценарий ""Сроки внесения изменений по результатам ранее направленных документов о контрольном снятии показаний""

Наташа 16 часов, Саша ",24.00,0.00,2500.00,60000.00,in-progress,8d97a5a2-98ea-4b4b-8f4a-0069d389e2ec,2025-10-07 15:46:55.752687+00,2025-10-08 09:01:14.033469+00,,,,false,,medium,,
6be59e9b-05cf-4dea-9f92-71ca26e0cec9,f5fc05f0-3fbb-4074-a109-4ac51eaf7c0a,Подготовка обновления пром версии,Создано из календаря,1.00,0.00,0.00,0.00,closed,a8abb6c3-d51c-4039-a1f2-93f5d98d2a20,2025-10-06 04:55:39.928887+00,2025-10-07 15:59:33.796542+00,,,,false,,medium,,
6dd4b16f-d1b2-4af9-9863-c28cbc3fd2d1,ab4402ad-22e3-4e23-8ba4-79cbb99d9455,"диагностика проблемы с неполучением сертификатов на домены yavlenie.pro  и www.yavlenie.pro ",Создано из календаря,1.00,0.00,3500.00,3500.00,new,33f3b0ac-60ea-4d41-8f4e-d81fcb45d433,2025-10-06 07:59:29.119598+00,2025-10-06 07:59:29.836852+00,,,,false,,medium,,
6dfc1b24-3712-445f-8cc8-c6cb0a5cbbd3,441ab6c9-c438-4973-bcd0-c445de2b65cb,Работа с тикетами,Создано из календаря,8.00,0.00,3500.00,28000.00,new,43d9b4e2-255d-41d3-8bce-4b59332ee697,2025-10-09 12:03:57.097931+00,2025-10-09 12:03:57.415916+00,,,,false,,medium,,
6fde2fee-a361-4f48-ba88-6ea705a0640b,f5fc05f0-3fbb-4074-a109-4ac51eaf7c0a,T6495,"Абонентов в Личный Кабинет  и Мобильное Приложение АО ""Мосводоканал"", расчёт у которых выполнен по среднесуточному расходу,  по норме, нет расхода на экране должно появляться  всплывающее окно следующего содержания:
     ""По Абоненту №…….. ________  (период)  расчёт выполнен по среднесуточному расходу. Необходимо передать показания счётчиков ХВС и ГВС  с  20 числа отчётного месяца до окончания первого календарного дня следующего месяца. Перерасчёт будет выполнен автоматически.  Письменное обращение не требуется"".
     ""По Абоненту №…….               (период)  расчёт выполнен по нормативной величине.   Необходимо передать показания счётчиков ХВС и ГВС  с  20 числа отчётного месяца до окончания первого календарного дня следующего месяца. Перерасчёт будет выполнен автоматически.  Письменное обращение не требуется"".
""По Абоненту №…….. в связи с отсутствием водопотребления платёжные документы не выставлены"".

нужно найти ФЗ, какой статус со стороны ЛК ",0.00,0.00,2500.00,0.00,new,8d97a5a2-98ea-4b4b-8f4a-0069d389e2ec,2025-10-08 09:44:30.797506+00,2025-10-08 09:53:34.851257+00,,,,false,,medium,,
72edf77e-1662-4e5d-8a6d-04e40b4f20c5,5321abc1-81ff-4e35-8f43-600a0cd4e914,деплой и тестирование Asterisk connector,Создано из календаря,0.50,0.00,3500.00,1750.00,new,33f3b0ac-60ea-4d41-8f4e-d81fcb45d433,2025-10-16 07:11:43.618141+00,2025-10-16 07:11:44.004033+00,,,,false,,medium,,
740ba8c8-daa8-4b1b-98e7-cd3f16090eb0,f5fc05f0-3fbb-4074-a109-4ac51eaf7c0a,"Обновление Gradle, необходимых зависимостей, устаревших объектов",Создано из календаря,24.00,0.00,0.00,0.00,closed,3fa63763-42e0-4ffa-8eb4-e25762df96db,2025-10-07 03:48:43.023654+00,2025-10-07 15:59:20.117328+00,,,,false,,medium,,
784eded6-017a-4ce1-a5a0-4d48f2cfe4bb,44e6dc42-ac99-48da-bbc1-846042f5ce39,деплой dataloader,Создано из календаря,1.50,0.00,3500.00,5250.00,new,33f3b0ac-60ea-4d41-8f4e-d81fcb45d433,2025-10-16 07:12:27.981939+00,2025-10-16 07:12:28.699964+00,,,,false,,medium,,
7ba468ea-98e3-4052-92c6-5d5c745f3feb,ab4402ad-22e3-4e23-8ba4-79cbb99d9455,диагностика проблемы с факапами при билде docker-образов (проблема на стороне aws),Создано из календаря,0.50,0.00,3500.00,1750.00,new,33f3b0ac-60ea-4d41-8f4e-d81fcb45d433,2025-10-21 07:33:32.938875+00,2025-10-21 07:33:33.396656+00,,,,false,,medium,,
7c370a29-a0ff-4d5d-baf6-746fa5488b3a,441ab6c9-c438-4973-bcd0-c445de2b65cb,"Разбор тикетов, доработка ОР",Создано из календаря,3.50,0.00,3500.00,12250.00,new,a8abb6c3-d51c-4039-a1f2-93f5d98d2a20,2025-10-07 11:02:43.036369+00,2025-10-07 11:02:43.564083+00,,,,false,,medium,,
7e85d41f-6787-4f65-a2b7-7b10a0eb7dba,131ab617-2c39-4217-bbae-49a09d5d7900,"Изменение фильтрации в формат поиска, а не выпадающего списка","Во всех фильтрах и в полях выбора, где есть длинный выпадающий список сущностей изменить формат поиска с выпадающего списка на ввод - потом поиск ",5.00,0.00,0.00,0.00,planned,8d97a5a2-98ea-4b4b-8f4a-0069d389e2ec,2025-10-07 16:23:13.980778+00,2025-10-08 19:35:12.976833+00,,,,false,,medium,,
80969b67-5ec2-4fe7-8222-f1e7b552488b,f5fc05f0-3fbb-4074-a109-4ac51eaf7c0a,"T6976 Осуществление встраивания методов API для МП ","Осуществление встраивания методов API для МП Встроить методы, переданные разработчиком ЛК, в части доработки функционала анкеты МКД, получения списка регистров для ввода показаний, верификацией пользователя и статуса проверки учетной записи абонента

бэк Рустем 8 часов, это частично 
Наташе надо сказать мне общие часы на всю задачу ",0.00,0.00,2500.00,0.00,new,8d97a5a2-98ea-4b4b-8f4a-0069d389e2ec,2025-10-07 16:05:14.971924+00,2025-10-08 09:37:58.836838+00,,,,false,,medium,,
81b40a65-4249-4565-ba61-bf0586c43464,131ab617-2c39-4217-bbae-49a09d5d7900,Матрица юнитов,,12.00,0.00,0.00,0.00,new,8d97a5a2-98ea-4b4b-8f4a-0069d389e2ec,2025-10-07 16:31:38.307573+00,2025-10-07 16:31:38.307573+00,,,,false,,medium,,
81d03f60-6c93-4f2f-9edd-e781da628e43,5321abc1-81ff-4e35-8f43-600a0cd4e914,"T6448 Единая структура всех сценариев ","Необходимо создать единую структуру всех сценариев голосового помощника и чат-бота. Дополнить функционал ИС «Робот МВК: Статистика» разделом с перечнем всех существующих сценариев. Учитывать все изменения по сценариям, отображать актуальный сценарий и историю изменений с датами. Разработать возможность поиска по словам/фразам/службам ответственным за сценарий (задача 116).

концептуально на этой неделе обсудить общее видение 
09.10 после 11 

до нового года 
",250.00,0.00,2499.00,624750.00,new,8d97a5a2-98ea-4b4b-8f4a-0069d389e2ec,2025-10-07 15:53:45.216209+00,2025-10-08 09:12:28.928517+00,,,,false,,medium,,
8268cdf0-fa06-4566-ad51-5d2abf0eb943,ab4402ad-22e3-4e23-8ba4-79cbb99d9455,Еботня с этой хренью - не распределяются задачи,Создано из календаря,2.00,0.00,3500.00,7000.00,new,9d6f7300-cca0-41a2-84c8-81f0eb490a58,2025-10-07 05:21:19.798584+00,2025-10-07 05:21:20.449619+00,,,,false,,medium,,
838b909c-a690-4edb-a484-865a0528e1ee,441ab6c9-c438-4973-bcd0-c445de2b65cb,Разговор с Лёшей. Эксперимент по времени загрузки новой фразы - не взлетело. Откладываемдо лучших времён,Создано из календаря,1.00,0.00,3500.00,3500.00,new,9d6f7300-cca0-41a2-84c8-81f0eb490a58,2025-10-09 11:36:30.681396+00,2025-10-09 11:36:31.249014+00,,,,false,,medium,,
85881836-f3a3-4f08-83e1-97ae09302552,441ab6c9-c438-4973-bcd0-c445de2b65cb,диагностика проблемы со сбросами на dev версии,Создано из календаря,0.50,0.00,3500.00,1750.00,new,33f3b0ac-60ea-4d41-8f4e-d81fcb45d433,2025-10-10 08:36:47.198258+00,2025-10-10 08:36:48.024102+00,,,,false,,medium,,
859b362d-2264-4705-9f31-9f87b171245a,441ab6c9-c438-4973-bcd0-c445de2b65cb,Признак оператора  для звонков с пром ЕП,Создано из календаря,2.00,0.00,3500.00,7000.00,new,a8abb6c3-d51c-4039-a1f2-93f5d98d2a20,2025-10-09 06:40:24.935582+00,2025-10-09 06:40:25.60181+00,,,,false,,medium,,
8a75f2dc-16ba-4ff9-b3c6-fb21d9cf92a6,9b8833bb-41db-4eea-b116-b3f605fbc8cf,Авторизация и регистрация пользовталей.,"Бек и фронт.
Фронт пока совсем чуть-чуть, через страницу песочницы, чтобы моджно было проверить. Без вёрстки",20.00,0.00,0.00,0.00,in-progress,9d6f7300-cca0-41a2-84c8-81f0eb490a58,2025-10-14 07:48:50.075807+00,2025-10-14 07:49:53.757334+00,d4cc125e-8a30-472e-82b6-e84600a4f775,,,false,,medium,,
8bf0bc2b-66f4-46fe-909c-8a45b0009eb7,5321abc1-81ff-4e35-8f43-600a0cd4e914," T7336  СУВ Неисправный водосчётчик"," Для сокращения количества звонков на горячую линию АО ""Мосводоканал"" (тел: 8-499-763-34-34) по вопросам замены неисправного водосчётчика, необходимо внедрить сценарий и внести соответствующие дополнения. Внеплановая замена, поверка ПУ. Нужна доработка от ЛИВС - блок

нужно уточнить по ливс информацию 
физ лица можем сделать ",70.00,0.00,2500.00,175000.00,new,8d97a5a2-98ea-4b4b-8f4a-0069d389e2ec,2025-10-07 15:49:27.85804+00,2025-10-08 09:04:39.363403+00,,,,false,,medium,,
8d580102-bcc3-48af-bde5-95f1ba5dadf4,9b8833bb-41db-4eea-b116-b3f605fbc8cf,Созвон по пожару. Реализация пожара,Создано из календаря,3.50,0.00,3500.00,12250.00,new,9d6f7300-cca0-41a2-84c8-81f0eb490a58,2025-10-09 08:49:05.894446+00,2025-10-09 08:49:06.455109+00,,,,false,,medium,,
8e13d05c-9ea2-4e77-a530-8497e48f7ab7,441ab6c9-c438-4973-bcd0-c445de2b65cb,настройка синхронизации gpt-баз prod -> dev,Создано из календаря,0.50,0.00,3500.00,1750.00,new,33f3b0ac-60ea-4d41-8f4e-d81fcb45d433,2025-10-09 07:35:03.187355+00,2025-10-09 07:35:03.907079+00,,,,false,,medium,,
8e79b7f7-de16-4320-85b1-1d527a9bc362,441ab6c9-c438-4973-bcd0-c445de2b65cb,Проверка МР,"Проверка доработок от Риты, Рустема, Алексея
Создано из календаря",1.00,0.00,3500.00,3500.00,new,a8abb6c3-d51c-4039-a1f2-93f5d98d2a20,2025-10-06 10:51:48.213414+00,2025-10-06 10:51:48.856985+00,,,,false,,medium,,
8fa2ce81-0618-405d-8d54-2e063b538e38,48b5cad1-77b9-4307-a9ae-3768cd523e8f,диагностика проблемы с недоступностью mergency.mvkbot.ru,Создано из календаря,0.50,0.00,3500.00,1750.00,new,33f3b0ac-60ea-4d41-8f4e-d81fcb45d433,2025-10-20 07:36:05.265638+00,2025-10-20 07:36:06.46484+00,,,,false,,medium,,
91fd3df6-c877-4800-8777-835387cab5d8,441ab6c9-c438-4973-bcd0-c445de2b65cb,Правки по тикетам,Создано из календаря,3.00,0.00,3500.00,10500.00,new,43d9b4e2-255d-41d3-8bce-4b59332ee697,2025-09-30 21:57:44.225592+00,2025-09-30 21:57:45.545439+00,,,,false,,medium,,
92bc8c23-45d4-4e9a-876f-a626115d8109,f5fc05f0-3fbb-4074-a109-4ac51eaf7c0a,Мелкие доработки бэка по обратной связи от МВК. Тест ios версии.,Задача создана из календаря: Мелкие доработки бэка по обратной связи от МВК. Тест ios версии.,2.00,0.00,0.00,0.00,closed,a8abb6c3-d51c-4039-a1f2-93f5d98d2a20,2025-09-30 04:57:10.614632+00,2025-10-07 16:00:26.347415+00,,,,false,,medium,,
94a86909-8b4d-423c-9b43-0607f39ec774,441ab6c9-c438-4973-bcd0-c445de2b65cb,"Разбор тикетов, доработка ОР",Создано из календаря,1.00,0.00,3500.00,3500.00,new,a8abb6c3-d51c-4039-a1f2-93f5d98d2a20,2025-10-07 06:37:38.303094+00,2025-10-07 06:37:38.590668+00,,,,false,,medium,,
953eeb95-111b-4313-ac93-48fcc6a64207,ab4402ad-22e3-4e23-8ba4-79cbb99d9455,разбор проблем с выгрузкой и выгрузка датасета из ls в нужном формате,Создано из календаря,9.00,0.00,3500.00,31500.00,new,33f3b0ac-60ea-4d41-8f4e-d81fcb45d433,2025-10-13 08:44:27.387548+00,2025-10-13 08:44:28.290092+00,,,,false,,medium,,
9bf72772-d053-4c9f-8287-f38dfd1adb15,131ab617-2c39-4217-bbae-49a09d5d7900,Мердж Димы на импорт данных из БЛ,,3.00,0.00,0.00,0.00,closed,8d97a5a2-98ea-4b4b-8f4a-0069d389e2ec,2025-10-07 16:28:44.72926+00,2025-10-08 07:15:17.668296+00,,,,false,,medium,,
9e63e02c-0cd6-4930-9d4f-a1e42713d16a,131ab617-2c39-4217-bbae-49a09d5d7900,Выборы,,36.00,0.00,0.00,0.00,new,8d97a5a2-98ea-4b4b-8f4a-0069d389e2ec,2025-10-07 16:31:59.537803+00,2025-10-07 16:31:59.537803+00,,,,false,,medium,,
a23312ae-13a8-44ca-8f14-a8538c13e4d9,5321abc1-81ff-4e35-8f43-600a0cd4e914,настройка мониторинга на сервере в ВК,Создано из календаря,0.50,0.00,3500.00,1750.00,new,33f3b0ac-60ea-4d41-8f4e-d81fcb45d433,2025-10-09 07:39:21.886038+00,2025-10-09 07:39:22.439619+00,,,,false,,medium,,
a27fed1d-2066-4531-9452-c8703fcbbcd1,d35fde10-4e0b-4725-bbe6-e0c1de7ee177,Доработка тайм-трекера,"отображение расписания по сотдрудникам его все расписание в каледаре - готово 
тимлиду доступ к проекту, как у админа, но только по определённому проекту(ставить в проекте) - готово
Должность добавить тимлида, CTO тех директора, CPO(юра), CFO фин. директор, функционал такой же как у админа, но одновременно сотрудники.- готово
админ может быть и сотрудником одновременно-готово
не создаются задачи в проектах - создаются
задачи из проектов не распределять отправлять в бэклог ""нераспределенные задачи"" сотруднику. - готово
если ставим в календаре задачу на определённый проект, то в проектах она тоже должна появляться - готово
бронирование не появляется в календаре - готово
Добавлены вкладки Мои запросы на бронирования.
При одобрении брони, в календаре и проекте создается задача, добавлена возможность удаления при отмененном бронировании. Добавлен быстрый фильтр для отмененных бронированных.

По умолчанию в фильте проектов в календаре стоит ""Все проекты"" для удобства - готово

добавить категории задач и при создании отдельной задачи в календаре - готово 

дейлики не создаются - готово

уведомления о созданных задачах

дедлайны создаются в проектах

но нигде не отображаются

отклонение только если прошел дедлайн ",16.00,0.00,0.00,0.00,closed,43d9b4e2-255d-41d3-8bce-4b59332ee697,2025-09-29 07:01:49.705363+00,2025-09-30 21:51:29.523663+00,,,,false,,medium,,
a5b29fbe-fd21-41b1-9e24-0553fd3361d3,441ab6c9-c438-4973-bcd0-c445de2b65cb,Работа с тикетами,Создано из календаря,7.00,0.00,3500.00,24500.00,new,43d9b4e2-255d-41d3-8bce-4b59332ee697,2025-10-09 12:05:33.462964+00,2025-10-09 12:05:33.875526+00,,,,false,,medium,,
a5eda248-a88b-4e5e-941c-cdff04e6156a,9b8833bb-41db-4eea-b116-b3f605fbc8cf,"Необходимо развернуть свежие версии фронта и бека. Так же необходимо развернуть ""мобильный сайт"" - https://gitlab.yavlenie.pro/mosvodokanal/situation-map-mobile  .env DEBUG=1 MVK_URL= PORT=81  SASS_PATH=src  REACT_APP_API_URL=http://localhost:3000/api/ PUBLIC_URL=/ REACT_APP_FULL_PUBLIC_URL=http://localhost:81/ REACT_APP_VAPID_PUBLIC_KEY=""BJQhFL8NTD7Nbw36xZdzj7FwRokrsD40fzQqs5zgz76dsVvKEd7rYfWrqNFSsJ6TFMnFgX8SW7Vf-fSqyYGK37I""  REACT_APP_API_UR - такой-же, как на фронте - т.е. на бек REACT_APP_FULL_PUBLIC_URL - там, где развёрнут мобильный сайт  ""Мобильный сайт"" надо развернуть на https и наружу относительно впн МВК, чтобы на сайт можно было зайти с телефона. Я не знаю сможет ли он нормально общаться с беком, который на http. Поэтому заложила больше часов.",Тестовое описание задани,12.00,0.00,0.00,0.00,new,9d6f7300-cca0-41a2-84c8-81f0eb490a58,2025-10-07 05:09:58.12275+00,2025-10-07 05:09:58.12275+00,,,,false,,medium,,
a7397866-81d7-4cf2-afe5-b95b9a6ac57b,ab4402ad-22e3-4e23-8ba4-79cbb99d9455,список ресурсов в Яндексе,Создано из календаря,0.50,0.00,3500.00,1750.00,new,33f3b0ac-60ea-4d41-8f4e-d81fcb45d433,2025-10-21 07:32:00.779773+00,2025-10-21 07:32:01.53051+00,,,,false,,medium,,
ad75a049-9cdd-4880-aa99-5f5ead3e7ae0,ab4402ad-22e3-4e23-8ba4-79cbb99d9455,диагностика отвалов Ритиного аппа в клауде,Создано из календаря,0.50,0.00,3500.00,1750.00,new,33f3b0ac-60ea-4d41-8f4e-d81fcb45d433,2025-10-08 07:36:59.689127+00,2025-10-08 07:37:00.150034+00,,,,false,,medium,,
ae11b7ac-f7c0-4c2e-836a-72e94542a1de,5321abc1-81ff-4e35-8f43-600a0cd4e914,диагностика рпоблемы с упавшим chatbot-engine в клауде,Создано из календаря,1.00,0.00,3500.00,3500.00,new,33f3b0ac-60ea-4d41-8f4e-d81fcb45d433,2025-10-13 08:45:46.982598+00,2025-10-13 08:45:47.407438+00,,,,false,,medium,,
b1b8019b-ea3a-4a2c-8f8c-102d0c36b8f4,9b8833bb-41db-4eea-b116-b3f605fbc8cf,разворот мобильной сит.карты,Создано из календаря,3.00,0.00,3500.00,10500.00,new,33f3b0ac-60ea-4d41-8f4e-d81fcb45d433,2025-10-08 07:37:39.686867+00,2025-10-08 07:37:40.163525+00,,,,false,,medium,,
b271b595-9c8e-456b-b42b-25ada47a3fde,441ab6c9-c438-4973-bcd0-c445de2b65cb,MVKGPT-340;508;510;523;617;621,"правки по тикетам
Создано из календаря",9.00,0.00,3500.00,31500.00,new,43d9b4e2-255d-41d3-8bce-4b59332ee697,2025-10-02 16:44:36.481692+00,2025-10-02 16:44:36.851974+00,,,,false,,medium,,
b2cba981-0806-4985-a23e-a64df0c5c5a0,9b8833bb-41db-4eea-b116-b3f605fbc8cf,Уведомления. Подготовка к разворачиванию,"Уведомления на создание заявки и на завершение заявки
Создано из календаря",1.00,0.00,3500.00,3500.00,new,9d6f7300-cca0-41a2-84c8-81f0eb490a58,2025-10-07 05:19:19.192895+00,2025-10-07 05:19:19.668456+00,,,,false,,medium,,
b386f443-fc84-4b78-bcb0-568895288755,ab4402ad-22e3-4e23-8ba4-79cbb99d9455,разбор проблем с выгрузкой и выгрузка датасета из ls в нужном формате,Создано из календаря,2.50,0.00,3500.00,8750.00,new,33f3b0ac-60ea-4d41-8f4e-d81fcb45d433,2025-10-13 08:44:49.976841+00,2025-10-13 08:44:50.370966+00,,,,false,,medium,,
b4d0d4d2-c478-4d6b-a0a5-4066af4cb807,131ab617-2c39-4217-bbae-49a09d5d7900,Мердж импрота данных,Создано из календаря,0.50,0.00,3500.00,1750.00,new,71c3e755-066e-4c10-ad5f-81e807fb6aa7,2025-10-08 07:09:56.668343+00,2025-10-08 07:09:57.054537+00,,,,false,,medium,,
b59b4e1e-ce21-4a31-904b-eb87ad635f69,441ab6c9-c438-4973-bcd0-c445de2b65cb,Разбор протикет ор и сув,Создано из календаря,3.00,0.00,3500.00,10500.00,new,df943449-d2c0-4ac8-bd3d-620c15690fa9,2025-10-08 12:06:09.320509+00,2025-10-08 12:06:09.742653+00,,,,false,,medium,,
ba5ed648-4db0-4fb9-9ce9-adeeccb77bf0,518ee31c-f967-4465-be1a-5805a29d707d,Аварийный робот на n8n,"Заменила ноды AI агентов на LangChain Code node в аварийке, мучаюсь с оркестровкой над несколькими агентами. Пока разбираюсь также с общим контекстом памяти. Агенты сейчас почему-то не отправляют данные к следующему узлу, а возвращаются в предыдущий.

Сегодня беру оставшиеся тикеты до 10го сначала, затем снова возвращаюсь к аварийке
Создано из календаря",6.00,0.00,0.00,0.00,new,43d9b4e2-255d-41d3-8bce-4b59332ee697,2025-10-09 12:09:14.891325+00,2025-10-09 12:36:43.81206+00,,,,false,,medium,,
bcd09138-5aae-469b-b2a2-ecdd1fc23bf3,5321abc1-81ff-4e35-8f43-600a0cd4e914,решение проблемы с недоступностью 11labs.yavlenie.pro,Создано из календаря,0.50,0.00,3500.00,1750.00,new,33f3b0ac-60ea-4d41-8f4e-d81fcb45d433,2025-10-16 07:13:20.462033+00,2025-10-16 07:13:20.783064+00,,,,false,,medium,,
bcee3007-2345-4a75-a1d5-8d8025a2acb4,5321abc1-81ff-4e35-8f43-600a0cd4e914,T7334 По вопросам связанными с неверными данными по водосчётчикам,"Для сокращения количества звонков на горячую линию АО ""Мосводоканал"" (тел: 8-499-763-34-34) по вопросам связанными с неверными данными по водосчётчикам, необходимо внедрить сценарий и внести соответствующие дополнения.

простой вопрос, простой ответ 
составить промпт, описание, правки и уточнения
8 часов 
Рустем ",24.00,0.00,2500.00,60000.00,new,8d97a5a2-98ea-4b4b-8f4a-0069d389e2ec,2025-10-07 15:52:45.071303+00,2025-10-08 09:09:49.630352+00,,,,false,,medium,,
bde2bbc3-7169-4aeb-b7a8-8a50844ce011,441ab6c9-c438-4973-bcd0-c445de2b65cb,решение проблемы с записью в БД на dev,Создано из календаря,1.00,0.00,3500.00,3500.00,new,33f3b0ac-60ea-4d41-8f4e-d81fcb45d433,2025-10-16 10:25:09.112342+00,2025-10-16 10:25:09.885928+00,,,,false,,medium,,
bf15c191-ebd1-4d6f-98e9-7fbcd5674f67,ab4402ad-22e3-4e23-8ba4-79cbb99d9455,диагностика проблемы с деплоем connector-collector,Создано из календаря,0.50,0.00,3500.00,1750.00,new,33f3b0ac-60ea-4d41-8f4e-d81fcb45d433,2025-10-08 07:38:09.088453+00,2025-10-08 07:38:09.448715+00,,,,false,,medium,,
c05e123a-7290-4702-8384-0e77338b9ba4,ab4402ad-22e3-4e23-8ba4-79cbb99d9455,формирование данных и выгрузка данных для спеца по разметке,Создано из календаря,8.00,0.00,3500.00,28000.00,new,33f3b0ac-60ea-4d41-8f4e-d81fcb45d433,2025-10-14 20:25:45.935975+00,2025-10-14 20:25:47.526511+00,,,,false,,medium,,
c13bd467-52fd-49c1-8537-6732f4fed2dd,441ab6c9-c438-4973-bcd0-c445de2b65cb,Разбор тикетов ОР,Создано из календаря,2.00,0.00,3500.00,7000.00,new,a8abb6c3-d51c-4039-a1f2-93f5d98d2a20,2025-10-08 06:01:57.708807+00,2025-10-08 06:01:58.449104+00,,,,false,,medium,,
c60bcbc3-adf4-41a5-88bf-7f2599f9f20f,5321abc1-81ff-4e35-8f43-600a0cd4e914,запуск prod-статсервера,Создано из календаря,1.00,0.00,3500.00,3500.00,new,33f3b0ac-60ea-4d41-8f4e-d81fcb45d433,2025-10-08 07:44:14.674511+00,2025-10-08 07:44:15.258381+00,,,,false,,medium,,
c8446435-5762-48df-925f-b93e0dcd080e,d35fde10-4e0b-4725-bbe6-e0c1de7ee177,ProTime правки,"По Протайму тоже несколько правок: 
Отображение дедлайнов в календаре по дням, 
Если Факт часы не проставлены, подсвечиваем красным,
Добавлена возможность проставления «мягкого» дедлайна, при создании задачи лично сотрудником
Отклонение в отчетах считать, только если прошел дедлайн
Создано из календаря",5.00,0.00,3500.00,17500.00,closed,43d9b4e2-255d-41d3-8bce-4b59332ee697,2025-10-02 12:09:02.812401+00,2025-10-02 12:13:48.860909+00,,,,false,,medium,,
cc2cb4c9-b791-4cd3-a6e6-64118c0f0937,441ab6c9-c438-4973-bcd0-c445de2b65cb,Работа над оставшимися тикетами до 10.10,Создано из календаря,8.00,0.00,3500.00,28000.00,new,43d9b4e2-255d-41d3-8bce-4b59332ee697,2025-10-09 12:09:50.399485+00,2025-10-09 12:09:50.684559+00,,,,false,,medium,,
cdff6ebe-de94-44dd-8af5-06519e0f0763,ab4402ad-22e3-4e23-8ba4-79cbb99d9455,"выдать доступы Денису Бельскому, создать ящик",Создано из календаря,0.50,0.00,3500.00,1750.00,new,33f3b0ac-60ea-4d41-8f4e-d81fcb45d433,2025-10-21 07:35:23.349955+00,2025-10-21 07:35:23.789202+00,,,,false,,medium,,
ce63bc9c-ddcd-4839-b4cb-32380b0e4cbe,441ab6c9-c438-4973-bcd0-c445de2b65cb,обновление mvk-ep-prod,Создано из календаря,0.50,0.00,3500.00,1750.00,new,33f3b0ac-60ea-4d41-8f4e-d81fcb45d433,2025-10-06 06:17:48.821693+00,2025-10-06 06:17:49.363194+00,,,,false,,medium,,
ce693bf5-b70f-4006-8ff6-9c4ea3d0f101,441ab6c9-c438-4973-bcd0-c445de2b65cb,перевод ботов на gpt-5,Создано из календаря,1.00,0.00,3500.00,3500.00,new,33f3b0ac-60ea-4d41-8f4e-d81fcb45d433,2025-10-08 07:35:43.198079+00,2025-10-08 07:35:43.673268+00,,,,false,,medium,,
cf4ebb46-f975-4bf7-92c9-81f22c299ef0,f5fc05f0-3fbb-4074-a109-4ac51eaf7c0a,Тест фиксов от Антона,Создано из календаря,2.00,0.00,0.00,0.00,closed,df943449-d2c0-4ac8-bd3d-620c15690fa9,2025-10-01 12:57:09.623106+00,2025-10-07 15:59:49.252852+00,,,,false,,medium,,
d04c1b80-694d-4c0c-9001-6177003a44a6,441ab6c9-c438-4973-bcd0-c445de2b65cb,"Обновление ГПТ, ЕП",Создано из календаря,1.00,0.00,3500.00,3500.00,new,a8abb6c3-d51c-4039-a1f2-93f5d98d2a20,2025-10-10 05:12:10.611165+00,2025-10-10 05:12:11.192807+00,,,,false,,medium,,
d3898e7d-8308-48ac-9b4f-a6094654d80d,441ab6c9-c438-4973-bcd0-c445de2b65cb,"обновление, добавление MINIMAX_MODEL",Создано из календаря,0.50,0.00,3500.00,1750.00,new,33f3b0ac-60ea-4d41-8f4e-d81fcb45d433,2025-10-10 07:27:39.953534+00,2025-10-10 07:27:40.506994+00,,,,false,,medium,,
d3950faa-d116-4b66-994a-046ff82b5a71,d35fde10-4e0b-4725-bbe6-e0c1de7ee177,TimeZone," учитывать часовые пояса, отображать у каждого в своем времени, а данные хранить по времени сервера (обычно +0)
 учитывать минуты работы, а не часы. У меня довольно много получилось задач где 40 минут, или 1час 20 минут, или еще каике то некруглые промежутки времени. Сейчас можно ввести время с шагом в 0,5ч, в итоге приходилось округлять все работы то в одну сторону,  то в другую

Создано из календаря",8.00,0.00,0.00,0.00,closed,43d9b4e2-255d-41d3-8bce-4b59332ee697,2025-09-30 21:53:43.855163+00,2025-10-02 12:13:55.617756+00,,,,false,,medium,,
d44ace61-7bc3-4524-bf53-128ca6f5fb63,131ab617-2c39-4217-bbae-49a09d5d7900,"На странице RESERVATIONS изменить фильтрацию юнитов ","сначала вводим текст - потом выбираем из списка 
НЕ выпадает список сразу",2.00,0.00,0.00,0.00,planned,8d97a5a2-98ea-4b4b-8f4a-0069d389e2ec,2025-10-07 16:21:08.613508+00,2025-10-08 19:34:43.999676+00,,,,false,,medium,,
d5476ed6-3b05-4f74-9d22-40f8bac240ab,9b8833bb-41db-4eea-b116-b3f605fbc8cf,"Проверить, как получить доступ к архтвам с видео регистраторов",,20.00,0.00,0.00,0.00,in-progress,9d6f7300-cca0-41a2-84c8-81f0eb490a58,2025-10-14 07:58:38.542382+00,2025-10-14 07:58:38.542382+00,,,,false,,medium,,
d5c6b4f2-def6-4b71-8153-aeb44ce091fe,44e6dc42-ac99-48da-bbc1-846042f5ce39,деплой dataloader,Создано из календаря,0.50,0.00,3500.00,1750.00,new,33f3b0ac-60ea-4d41-8f4e-d81fcb45d433,2025-10-21 07:35:54.19347+00,2025-10-21 07:35:54.558348+00,,,,false,,medium,,
d9beb81f-a00a-450b-aa99-a3308431abb4,518ee31c-f967-4465-be1a-5805a29d707d,Работа с аварийным роботом на n8n,Создано из календаря,6.00,0.00,0.00,0.00,new,43d9b4e2-255d-41d3-8bce-4b59332ee697,2025-10-09 12:07:44.199751+00,2025-10-09 12:36:50.153909+00,,,,false,,medium,,
da2ba54b-33a9-46b1-ac09-e196633ef887,5321abc1-81ff-4e35-8f43-600a0cd4e914,актуализация ссылок на файлы для разметки,Создано из календаря,3.00,0.00,3500.00,10500.00,new,33f3b0ac-60ea-4d41-8f4e-d81fcb45d433,2025-10-21 07:34:22.142258+00,2025-10-21 07:34:22.77428+00,,,,false,,medium,,
da4a2041-db9e-4d08-8196-a3974e7a91db,9b8833bb-41db-4eea-b116-b3f605fbc8cf,"настройка и тестирование доступов к видеорегистраторам для Кати, выгрузка записей",Создано из календаря,0.50,0.00,3500.00,1750.00,new,33f3b0ac-60ea-4d41-8f4e-d81fcb45d433,2025-10-13 08:46:30.562835+00,2025-10-13 08:46:30.96467+00,,,,false,,medium,,
da4d568b-1ed7-4e59-853e-86906a0deec8,441ab6c9-c438-4973-bcd0-c445de2b65cb,диагностика проблем с отбоями звонков снаружи,Создано из календаря,0.50,0.00,3500.00,1750.00,new,33f3b0ac-60ea-4d41-8f4e-d81fcb45d433,2025-10-10 07:30:37.661188+00,2025-10-10 07:30:38.176921+00,,,,false,,medium,,
da99cda9-1540-4c3e-a7e7-4bd8eae935c7,44e6dc42-ac99-48da-bbc1-846042f5ce39,восстановление БД на 15.10.2025,Создано из календаря,3.00,0.00,3500.00,10500.00,new,33f3b0ac-60ea-4d41-8f4e-d81fcb45d433,2025-10-20 07:34:46.95892+00,2025-10-20 07:34:47.650181+00,,,,false,,medium,,
dd530e13-510d-4192-9cca-4416cf04bae1,f5fc05f0-3fbb-4074-a109-4ac51eaf7c0a,C14414 Доработка мобильного приложения по подаче заявок на оформление абонентских номеров физическими лицами,"анкеты 
отгружено ",32.00,0.00,2500.00,80000.00,new,8d97a5a2-98ea-4b4b-8f4a-0069d389e2ec,2025-10-07 16:16:43.206845+00,2025-10-08 09:42:23.830623+00,,,,false,,medium,,
debd46d4-8817-42bb-ab07-a155d2c5010f,518ee31c-f967-4465-be1a-5805a29d707d,исправление багов в физиагноме и аварийке,Задача создана из календаря: исправление багов в физиагноме и аварийке,3.00,0.00,0.00,0.00,new,43d9b4e2-255d-41d3-8bce-4b59332ee697,2025-09-30 15:31:43.122454+00,2025-10-09 12:36:58.0848+00,,,,false,,medium,,
df786694-1c9b-4d9a-92e4-8582e03b00cd,48b5cad1-77b9-4307-a9ae-3768cd523e8f,"диагностика проблемы с отвалом 2х серверов ASR ",Создано из календаря,0.50,0.00,3500.00,1750.00,new,33f3b0ac-60ea-4d41-8f4e-d81fcb45d433,2025-10-22 07:38:31.145912+00,2025-10-22 07:38:31.598908+00,,,,false,,medium,,
dfbf75b8-be58-4e0b-82ce-4b7884b52e66,5321abc1-81ff-4e35-8f43-600a0cd4e914,диагностика сетевой проблемы с неполучением озвучки от ASR в ВК,Создано из календаря,1.00,0.00,3500.00,3500.00,new,33f3b0ac-60ea-4d41-8f4e-d81fcb45d433,2025-10-17 11:20:01.559625+00,2025-10-17 11:20:01.914952+00,,,,false,,medium,,
e2ec071c-e3b5-4bad-9a45-a06ea94bc582,9b8833bb-41db-4eea-b116-b3f605fbc8cf,выявление недостающих объектов по видео,Создано из календаря,4.00,0.00,3500.00,14000.00,new,33f3b0ac-60ea-4d41-8f4e-d81fcb45d433,2025-10-02 16:11:53.39154+00,2025-10-02 16:11:53.901671+00,,,,false,,medium,,
e301ed42-d8dc-40d6-9a8d-da5ccc63606d,131ab617-2c39-4217-bbae-49a09d5d7900,Исправление скролинга юнитов на странице юнитов,,2.00,0.00,0.00,0.00,planned,8d97a5a2-98ea-4b4b-8f4a-0069d389e2ec,2025-10-07 16:19:10.67256+00,2025-10-08 07:08:49.533115+00,,,,false,,medium,,
e4f1d3a9-f7ec-480a-9f47-19e2f50ebe61,131ab617-2c39-4217-bbae-49a09d5d7900,Исправление скроллинга страницы юнитов,Создано из календаря,2.00,0.00,3500.00,7000.00,new,71c3e755-066e-4c10-ad5f-81e807fb6aa7,2025-10-08 07:12:59.109781+00,2025-10-08 07:12:59.49833+00,,,,false,,medium,,
e5ae6ae4-f43b-4337-9ef2-149ed47b87c5,f5fc05f0-3fbb-4074-a109-4ac51eaf7c0a,"T7089 Удаление учётной записи ","В личном кабинете абонента сайта АО «Мосводоканал» и мобильном приложении в разделе «Профиль» разработать функционал удаления учетной записи (аккаунта) самим пользователем

кнопка удаления есть, реализовать можно с удалением из биллинга 
метод ЛИВС отгрузили 
бэк 8 часов
фронт 16 часов
дизайн отдельно пока не нужен 

",24.00,0.00,2500.00,60000.00,new,8d97a5a2-98ea-4b4b-8f4a-0069d389e2ec,2025-10-07 16:05:58.781856+00,2025-10-08 09:41:13.535802+00,,,,false,,medium,,
e7889ccc-248d-41d9-8a77-59fd4486d595,441ab6c9-c438-4973-bcd0-c445de2b65cb,Разбор задач из протикета,Создано из календаря,2.00,0.00,3500.00,7000.00,new,a8abb6c3-d51c-4039-a1f2-93f5d98d2a20,2025-10-06 11:01:05.962271+00,2025-10-06 11:01:06.279844+00,,,,false,,medium,,
e924bc0f-1158-47d8-9ef5-047601ee8a2c,ab4402ad-22e3-4e23-8ba4-79cbb99d9455,диагностика и решение проблемы с деплоем mvk-chatbot-engine,Создано из календаря,0.50,0.00,3500.00,1750.00,new,33f3b0ac-60ea-4d41-8f4e-d81fcb45d433,2025-10-06 18:37:27.692237+00,2025-10-06 18:37:28.544551+00,,,,false,,medium,,
e95dda84-903a-4bb3-aa72-66775f74d4f6,5321abc1-81ff-4e35-8f43-600a0cd4e914,"T7391 СУВ Контрольные показания, направление документов по контрольным показаниям","Внесение дополнения в имеющиеся сценарии, по вопросам снятия контрольных показаний сотрудниками СУВ, по вопросам снятия контрольных показаний сотрудниками СУВ, направления документов по поверке/замене и уточнения сроков передачи показаний.

изменение уточняющего вопроса на тестировании 
изменение про москву, новую москву 6 часов 

",54.00,0.00,2500.00,135000.00,in-progress,8d97a5a2-98ea-4b4b-8f4a-0069d389e2ec,2025-10-07 15:45:18.531426+00,2025-10-08 08:59:50.763638+00,,,,false,,medium,,
ea4b6717-378d-499c-a1b3-95419914efc8,9b8833bb-41db-4eea-b116-b3f605fbc8cf,разворот ветки test,Создано из календаря,2.00,0.00,3500.00,7000.00,new,33f3b0ac-60ea-4d41-8f4e-d81fcb45d433,2025-10-10 07:26:45.730404+00,2025-10-10 07:26:46.143755+00,,,,false,,medium,,
eae7dde1-333a-4099-af1d-6189c9eba356,44e6dc42-ac99-48da-bbc1-846042f5ce39,диагностика проблем по синхронизации routes и деплой нового dataloader,Создано из календаря,1.00,0.00,3500.00,3500.00,new,33f3b0ac-60ea-4d41-8f4e-d81fcb45d433,2025-10-22 07:35:11.499785+00,2025-10-22 07:35:12.005608+00,,,,false,,medium,,
eaf99be4-b3a3-4555-ab80-a1506ac9db5b,441ab6c9-c438-4973-bcd0-c445de2b65cb,Работа с тикетами,Создано из календаря,8.00,0.00,3500.00,28000.00,new,43d9b4e2-255d-41d3-8bce-4b59332ee697,2025-10-09 12:04:54.172962+00,2025-10-09 12:04:54.550672+00,,,,false,,medium,,
ec316452-a6dc-4c28-989f-554938d2afdf,d35fde10-4e0b-4725-bbe6-e0c1de7ee177,Отображение дедлайнов в карточке календаря,"проверить корректно ли работа.т дедлайны, внести правки, если необходимо",2.00,0.00,0.00,0.00,closed,46f9b199-11a1-460e-b285-f3ca3b11bd3e,2025-09-30 14:11:15.506076+00,2025-10-02 12:14:03.026751+00,,,,false,,medium,,
ecb27c49-51ad-4798-a192-28ab037f94ff,441ab6c9-c438-4973-bcd0-c445de2b65cb,выявление недостающих объектов по видео,Создано из календаря,3.00,0.00,3500.00,10500.00,new,33f3b0ac-60ea-4d41-8f4e-d81fcb45d433,2025-10-02 16:12:11.598349+00,2025-10-02 16:12:11.950594+00,,,,false,,medium,,
ee3d7fd7-21cc-4c2b-923f-fc264d29ab77,9b8833bb-41db-4eea-b116-b3f605fbc8cf,Заявки. Мобильное приложение. Уведомления.,"Страница заявки в мобильном приложении. Функционал заверщения заявки из мобильного (самое простое, просто с текстом завершения). Уведомления в портале на отправку и получение заявки
Создано из календаря",9.00,0.00,3500.00,31500.00,new,9d6f7300-cca0-41a2-84c8-81f0eb490a58,2025-10-06 05:04:17.113335+00,2025-10-06 05:04:17.706734+00,,,,false,,medium,,
eee34956-4791-4eb6-92e1-7692a38a0441,44e6dc42-ac99-48da-bbc1-846042f5ce39,деплой dataloader,Создано из календаря,0.50,0.00,3500.00,1750.00,new,33f3b0ac-60ea-4d41-8f4e-d81fcb45d433,2025-10-02 16:22:50.540133+00,2025-10-02 16:22:50.971244+00,,,,false,,medium,,
f54e5baa-d272-4734-8181-b7f41b389a7a,131ab617-2c39-4217-bbae-49a09d5d7900,В карточке юнитов удалить из меню INSTRUCTIONS и оставить их только в Overview,Создано из календаря,2.00,0.00,3500.00,7000.00,new,71c3e755-066e-4c10-ad5f-81e807fb6aa7,2025-10-08 07:13:20.376622+00,2025-10-08 07:13:20.639156+00,,,,false,,medium,,
faf290c5-374a-4f58-b119-0bad4b082f3f,441ab6c9-c438-4973-bcd0-c445de2b65cb,Вариационное отключение поторапливание,Создано из календаря,6.00,0.00,3500.00,21000.00,new,9d6f7300-cca0-41a2-84c8-81f0eb490a58,2025-10-08 09:37:03.256616+00,2025-10-08 09:37:03.799507+00,,,,false,,medium,,
fb2bd1ad-7b8b-4dee-84e1-cffac1ecde04,131ab617-2c39-4217-bbae-49a09d5d7900,Фикс отображение стрелки меню навигации,Создано из календаря,0.50,0.00,3500.00,1750.00,new,71c3e755-066e-4c10-ad5f-81e807fb6aa7,2025-10-08 07:11:43.846398+00,2025-10-08 07:11:44.180277+00,,,,false,,medium,,
fc1718d5-2826-4224-91c6-a36de9cf9408,441ab6c9-c438-4973-bcd0-c445de2b65cb,разворот ветки new-model,Создано из календаря,1.00,0.00,3500.00,3500.00,new,33f3b0ac-60ea-4d41-8f4e-d81fcb45d433,2025-10-10 07:26:24.315207+00,2025-10-10 07:26:24.694881+00,,,,false,,medium,,
fe7d56cb-1a6d-4df6-a2f6-cd16ce2aaa3f,f5fc05f0-3fbb-4074-a109-4ac51eaf7c0a,Обновление МП,Создано из календаря,0.50,0.00,0.00,0.00,closed,a8abb6c3-d51c-4039-a1f2-93f5d98d2a20,2025-10-07 06:35:26.557509+00,2025-10-07 15:57:09.583386+00,,,,false,,medium,,
ff3852fc-e934-4dc1-a732-b5eb0ed50b75,441ab6c9-c438-4973-bcd0-c445de2b65cb,Проверка сохранения тем из ЕП,"Проверка передачи данных о звонке в ЕП (вместе с определенной темой) в ГПТ версию для обработки
Создано из календаря",0.50,0.00,3500.00,1750.00,new,a8abb6c3-d51c-4039-a1f2-93f5d98d2a20,2025-10-06 04:53:53.243922+00,2025-10-06 04:53:53.732841+00,,,,false,,medium,,